 -- CHILD TABLES FIRST
DROP TABLE PARTNERSHIP CASCADE CONSTRAINTS;

DROP TABLE WICKETKEEPING CASCADE CONSTRAINTS;

DROP TABLE FIELDING CASCADE CONSTRAINTS;

DROP TABLE BOWLING CASCADE CONSTRAINTS;

DROP TABLE BATTING CASCADE CONSTRAINTS;

-- THEN PARENT TABLES
DROP TABLE MATCH CASCADE CONSTRAINTS;

DROP TABLE PLAYER CASCADE CONSTRAINTS;

DROP TABLE TEAM CASCADE CONSTRAINTS;

-- LAST (INDEPENDENT)
DROP TABLE USER_LOGIN CASCADE CONSTRAINTS;

CREATE TABLE PLAYER (
    Player_ID    VARCHAR2(10)   PRIMARY KEY,
    Player_Name  VARCHAR2(100)  NOT NULL
);
CREATE TABLE TEAM (
    Team_ID      VARCHAR2(10)   PRIMARY KEY,
    Team_Name    VARCHAR2(100)  NOT NULL UNIQUE,
    City         VARCHAR2(50),
    Home_Ground  VARCHAR2(100),
    Coach        VARCHAR2(100)
);
CREATE TABLE MATCH (
    Match_ID        VARCHAR2(10)  PRIMARY KEY,
    Match_Date      DATE          NOT NULL,
    Venue           VARCHAR2(100),
    Team1_ID        VARCHAR2(10)  NOT NULL,
    Team2_ID        VARCHAR2(10)  NOT NULL,
    Winner_Team_ID  VARCHAR2(10),
    CONSTRAINT fk_m_t1  FOREIGN KEY (Team1_ID)
        REFERENCES TEAM(Team_ID),
    CONSTRAINT fk_m_t2  FOREIGN KEY (Team2_ID)
        REFERENCES TEAM(Team_ID),
    CONSTRAINT fk_m_win FOREIGN KEY (Winner_Team_ID)
        REFERENCES TEAM(Team_ID),
    CONSTRAINT chk_teams CHECK (Team1_ID <> Team2_ID)
);
CREATE TABLE BATTING (
    Bat_ID      VARCHAR2(10)  PRIMARY KEY,
    Player_ID   VARCHAR2(10)  NOT NULL,
    Match_ID    VARCHAR2(10)  NOT NULL,
    Runs        NUMBER(5)     DEFAULT 0 CHECK (Runs >= 0),
    Balls       NUMBER(5)     CHECK (Balls >= 0),
    Strike_Rate NUMBER(6,2)   CHECK (Strike_Rate >= 0),
    CONSTRAINT fk_bat_pl FOREIGN KEY (Player_ID)
        REFERENCES PLAYER(Player_ID) ON DELETE CASCADE,
    CONSTRAINT fk_bat_mt FOREIGN KEY (Match_ID)
        REFERENCES MATCH(Match_ID)
);
CREATE TABLE BOWLING (
    Bowl_ID   VARCHAR2(10)  PRIMARY KEY,
    Player_ID VARCHAR2(10)  NOT NULL,
    Match_ID  VARCHAR2(10)  NOT NULL,
    Overs     NUMBER(5,1)   CHECK (Overs >= 0),
    Wickets   NUMBER(3)     DEFAULT 0 CHECK (Wickets >= 0),
    Economy   NUMBER(5,2)   CHECK (Economy >= 0),
    CONSTRAINT fk_bwl_pl FOREIGN KEY (Player_ID)
        REFERENCES PLAYER(Player_ID) ON DELETE CASCADE,
    CONSTRAINT fk_bwl_mt FOREIGN KEY (Match_ID)
        REFERENCES MATCH(Match_ID)
);
CREATE TABLE FIELDING (
    Field_ID  VARCHAR2(10)  PRIMARY KEY,
    Player_ID VARCHAR2(10)  NOT NULL,
    Match_ID  VARCHAR2(10)  NOT NULL,
    Catches   NUMBER(3)     DEFAULT 0 CHECK (Catches >= 0),
    Runouts   NUMBER(3)     DEFAULT 0 CHECK (Runouts >= 0),
    CONSTRAINT fk_fld_pl FOREIGN KEY (Player_ID)
        REFERENCES PLAYER(Player_ID) ON DELETE CASCADE,
    CONSTRAINT fk_fld_mt FOREIGN KEY (Match_ID)
        REFERENCES MATCH(Match_ID)
);
CREATE TABLE WICKETKEEPING (
    WK_ID     VARCHAR2(10)  PRIMARY KEY,
    Player_ID VARCHAR2(10)  NOT NULL,
    Match_ID  VARCHAR2(10)  NOT NULL,
    Stumpings NUMBER(3)     DEFAULT 0 CHECK (Stumpings >= 0),
    Catches   NUMBER(3)     DEFAULT 0 CHECK (Catches >= 0),
    CONSTRAINT fk_wk_pl FOREIGN KEY (Player_ID)
        REFERENCES PLAYER(Player_ID) ON DELETE CASCADE,
    CONSTRAINT fk_wk_mt FOREIGN KEY (Match_ID)
        REFERENCES MATCH(Match_ID)
);
CREATE TABLE PARTNERSHIP (
    Partnership_ID VARCHAR2(10)  PRIMARY KEY,
    Match_ID       VARCHAR2(10)  NOT NULL,
    Player1_ID     VARCHAR2(10)  NOT NULL,
    Player2_ID     VARCHAR2(10)  NOT NULL,
    Runs           NUMBER(4)     CHECK (Runs >= 0),
    CONSTRAINT fk_pt_mt FOREIGN KEY (Match_ID)
        REFERENCES MATCH(Match_ID),
    CONSTRAINT fk_pt_p1 FOREIGN KEY (Player1_ID)
        REFERENCES PLAYER(Player_ID),
    CONSTRAINT fk_pt_p2 FOREIGN KEY (Player2_ID)
        REFERENCES PLAYER(Player_ID),
    CONSTRAINT chk_pt_players
        CHECK (Player1_ID <> Player2_ID)
);
CREATE TABLE USER_LOGIN (
    User_ID    NUMBER GENERATED ALWAYS AS IDENTITY PRIMARY KEY,
    Username   VARCHAR2(50)   UNIQUE NOT NULL,
    Password   VARCHAR2(100)  NOT NULL,
    Role       VARCHAR2(10)   DEFAULT 'VIEWER'
               CHECK (Role IN ('ADMIN','VIEWER')),
    Created_At TIMESTAMP      DEFAULT CURRENT_TIMESTAMP
);
-- Default accounts
INSERT INTO USER_LOGIN (Username, Password, Role)
    VALUES ('admin', 'admin123', 'ADMIN');
INSERT INTO USER_LOGIN (Username, Password, Role)
    VALUES ('viewer', 'view123', 'VIEWER');




-- ============================================================
-- PLAYER (102 rows)
-- ============================================================
INSERT INTO PLAYER (Player_ID, Player_Name) VALUES ('P001', 'A Zampa');
INSERT INTO PLAYER (Player_ID, Player_Name) VALUES ('P002', 'AB de Villiers');
INSERT INTO PLAYER (Player_ID, Player_Name) VALUES ('P003', 'AC Agar');
INSERT INTO PLAYER (Player_ID, Player_Name) VALUES ('P004', 'AD Hales');
INSERT INTO PLAYER (Player_ID, Player_Name) VALUES ('P005', 'AI Ross');
INSERT INTO PLAYER (Player_ID, Player_Name) VALUES ('P006', 'AJ Finch');
INSERT INTO PLAYER (Player_ID, Player_Name) VALUES ('P007', 'AJ Nair');
INSERT INTO PLAYER (Player_ID, Player_Name) VALUES ('P008', 'AT Carey');
INSERT INTO PLAYER (Player_ID, Player_Name) VALUES ('P009', 'B Laughlin');
INSERT INTO PLAYER (Player_ID, Player_Name) VALUES ('P010', 'BAD Manenti');
INSERT INTO PLAYER (Player_ID, Player_Name) VALUES ('P011', 'BCJ Cutting');
INSERT INTO PLAYER (Player_ID, Player_Name) VALUES ('P012', 'BJ Dwarshuis');
INSERT INTO PLAYER (Player_ID, Player_Name) VALUES ('P013', 'BJ Stepien');
INSERT INTO PLAYER (Player_ID, Player_Name) VALUES ('P014', 'BJ Webster');
INSERT INTO PLAYER (Player_ID, Player_Name) VALUES ('P015', 'BR Dunk');
INSERT INTO PLAYER (Player_ID, Player_Name) VALUES ('P016', 'BR McDermott');
INSERT INTO PLAYER (Player_ID, Player_Name) VALUES ('P017', 'C Green');
INSERT INTO PLAYER (Player_ID, Player_Name) VALUES ('P018', 'CA Lynn');
INSERT INTO PLAYER (Player_ID, Player_Name) VALUES ('P019', 'CA Rose');
INSERT INTO PLAYER (Player_ID, Player_Name) VALUES ('P020', 'CD Hinchliffe');
INSERT INTO PLAYER (Player_ID, Player_Name) VALUES ('P021', 'CH Morris');
INSERT INTO PLAYER (Player_ID, Player_Name) VALUES ('P022', 'CJ Boyce');
INSERT INTO PLAYER (Player_ID, Player_Name) VALUES ('P023', 'CJ Ferguson');
INSERT INTO PLAYER (Player_ID, Player_Name) VALUES ('P024', 'CJ Green');
INSERT INTO PLAYER (Player_ID, Player_Name) VALUES ('P025', 'CJ Jordan');
INSERT INTO PLAYER (Player_ID, Player_Name) VALUES ('P026', 'CP Jewell');
INSERT INTO PLAYER (Player_ID, Player_Name) VALUES ('P027', 'CT Bancroft');
INSERT INTO PLAYER (Player_ID, Player_Name) VALUES ('P028', 'DA Miller');
INSERT INTO PLAYER (Player_ID, Player_Name) VALUES ('P029', 'DJ Worrall');
INSERT INTO PLAYER (Player_ID, Player_Name) VALUES ('P030', 'DJM Short');
INSERT INTO PLAYER (Player_ID, Player_Name) VALUES ('P031', 'DP Hughes');
INSERT INTO PLAYER (Player_ID, Player_Name) VALUES ('P032', 'DR Sams');
INSERT INTO PLAYER (Player_ID, Player_Name) VALUES ('P033', 'DT Christian');
INSERT INTO PLAYER (Player_ID, Player_Name) VALUES ('P034', 'Fawad Ahmed');
INSERT INTO PLAYER (Player_ID, Player_Name) VALUES ('P035', 'GJ Bailey');
INSERT INTO PLAYER (Player_ID, Player_Name) VALUES ('P036', 'GJ Maxwell');
INSERT INTO PLAYER (Player_ID, Player_Name) VALUES ('P037', 'HJ Nielsen');
INSERT INTO PLAYER (Player_ID, Player_Name) VALUES ('P038', 'HWR Cartwright');
INSERT INTO PLAYER (Player_ID, Player_Name) VALUES ('P039', 'Haris Rauf');
INSERT INTO PLAYER (Player_ID, Player_Name) VALUES ('P040', 'J Avendano');
INSERT INTO PLAYER (Player_ID, Player_Name) VALUES ('P041', 'J Weatherald');
INSERT INTO PLAYER (Player_ID, Player_Name) VALUES ('P042', 'JA Prestwidge');
INSERT INTO PLAYER (Player_ID, Player_Name) VALUES ('P043', 'JA Richardson');
INSERT INTO PLAYER (Player_ID, Player_Name) VALUES ('P044', 'JC Silk');
INSERT INTO PLAYER (Player_ID, Player_Name) VALUES ('P045', 'JD Cook');
INSERT INTO PLAYER (Player_ID, Player_Name) VALUES ('P046', 'JJ Peirson');
INSERT INTO PLAYER (Player_ID, Player_Name) VALUES ('P047', 'JK Lalor');
INSERT INTO PLAYER (Player_ID, Player_Name) VALUES ('P048', 'JL Pattinson');
INSERT INTO PLAYER (Player_ID, Player_Name) VALUES ('P049', 'JM Bird');
INSERT INTO PLAYER (Player_ID, Player_Name) VALUES ('P050', 'JM Vince');
INSERT INTO PLAYER (Player_ID, Player_Name) VALUES ('P051', 'JP Faulkner');
INSERT INTO PLAYER (Player_ID, Player_Name) VALUES ('P052', 'JP Inglis');
INSERT INTO PLAYER (Player_ID, Player_Name) VALUES ('P053', 'JR Philippe');
INSERT INTO PLAYER (Player_ID, Player_Name) VALUES ('P054', 'JS Lenton');
INSERT INTO PLAYER (Player_ID, Player_Name) VALUES ('P055', 'JW Wells');
INSERT INTO PLAYER (Player_ID, Player_Name) VALUES ('P056', 'KW Richardson');
INSERT INTO PLAYER (Player_ID, Player_Name) VALUES ('P057', 'L Pope');
INSERT INTO PLAYER (Player_ID, Player_Name) VALUES ('P058', 'LS Livingstone');
INSERT INTO PLAYER (Player_ID, Player_Name) VALUES ('P059', 'M Bryant');
INSERT INTO PLAYER (Player_ID, Player_Name) VALUES ('P060', 'M Gilkes');
INSERT INTO PLAYER (Player_ID, Player_Name) VALUES ('P061', 'M Kelly');
INSERT INTO PLAYER (Player_ID, Player_Name) VALUES ('P062', 'M Labuschagne');
INSERT INTO PLAYER (Player_ID, Player_Name) VALUES ('P063', 'M Wright');
INSERT INTO PLAYER (Player_ID, Player_Name) VALUES ('P064', 'MC Henriques');
INSERT INTO PLAYER (Player_ID, Player_Name) VALUES ('P065', 'MG Neser');
INSERT INTO PLAYER (Player_ID, Player_Name) VALUES ('P066', 'MJ Swepson');
INSERT INTO PLAYER (Player_ID, Player_Name) VALUES ('P067', 'MP Stoinis');
INSERT INTO PLAYER (Player_ID, Player_Name) VALUES ('P068', 'MR Marsh');
INSERT INTO PLAYER (Player_ID, Player_Name) VALUES ('P069', 'MS Harris');
INSERT INTO PLAYER (Player_ID, Player_Name) VALUES ('P070', 'MS Wade');
INSERT INTO PLAYER (Player_ID, Player_Name) VALUES ('P071', 'MT Renshaw');
INSERT INTO PLAYER (Player_ID, Player_Name) VALUES ('P072', 'MW Short');
INSERT INTO PLAYER (Player_ID, Player_Name) VALUES ('P073', 'Mohammad Nabi');
INSERT INTO PLAYER (Player_ID, Player_Name) VALUES ('P074', 'N McAndrew');
INSERT INTO PLAYER (Player_ID, Player_Name) VALUES ('P075', 'NCR Larkin');
INSERT INTO PLAYER (Player_ID, Player_Name) VALUES ('P076', 'NJ Maddinson');
INSERT INTO PLAYER (Player_ID, Player_Name) VALUES ('P077', 'NM Coulter-Nile');
INSERT INTO PLAYER (Player_ID, Player_Name) VALUES ('P078', 'NT Ellis');
INSERT INTO PLAYER (Player_ID, Player_Name) VALUES ('P079', 'PD Salt');
INSERT INTO PLAYER (Player_ID, Player_Name) VALUES ('P080', 'PM Siddle');
INSERT INTO PLAYER (Player_ID, Player_Name) VALUES ('P081', 'PSP Handscomb');
INSERT INTO PLAYER (Player_ID, Player_Name) VALUES ('P082', 'Qais Ahmad');
INSERT INTO PLAYER (Player_ID, Player_Name) VALUES ('P083', 'RJ Gleeson');
INSERT INTO PLAYER (Player_ID, Player_Name) VALUES ('P084', 'RP Meredith');
INSERT INTO PLAYER (Player_ID, Player_Name) VALUES ('P085', 'Rashid Khan');
INSERT INTO PLAYER (Player_ID, Player_Name) VALUES ('P086', 'S Lamichhane');
INSERT INTO PLAYER (Player_ID, Player_Name) VALUES ('P087', 'S Milenko');
INSERT INTO PLAYER (Player_ID, Player_Name) VALUES ('P088', 'SA Abbott');
INSERT INTO PLAYER (Player_ID, Player_Name) VALUES ('P089', 'SB Harper');
INSERT INTO PLAYER (Player_ID, Player_Name) VALUES ('P090', 'SD Heazlett');
INSERT INTO PLAYER (Player_ID, Player_Name) VALUES ('P091', 'SE Gotch');
INSERT INTO PLAYER (Player_ID, Player_Name) VALUES ('P092', 'SE Marsh');
INSERT INTO PLAYER (Player_ID, Player_Name) VALUES ('P093', 'SM Boland');
INSERT INTO PLAYER (Player_ID, Player_Name) VALUES ('P094', 'SNJ O''Keefe');
INSERT INTO PLAYER (Player_ID, Player_Name) VALUES ('P095', 'SPD Smith');
INSERT INTO PLAYER (Player_ID, Player_Name) VALUES ('P096', 'SR Patel');
INSERT INTO PLAYER (Player_ID, Player_Name) VALUES ('P097', 'T Banton');
INSERT INTO PLAYER (Player_ID, Player_Name) VALUES ('P098', 'TK Curran');
INSERT INTO PLAYER (Player_ID, Player_Name) VALUES ('P099', 'TM Head');
INSERT INTO PLAYER (Player_ID, Player_Name) VALUES ('P100', 'UT Khawaja');
INSERT INTO PLAYER (Player_ID, Player_Name) VALUES ('P101', 'WA Agar');
INSERT INTO PLAYER (Player_ID, Player_Name) VALUES ('P102', 'Zahir Khan');

-- ============================================================
-- TEAM (8 rows)
-- ============================================================
INSERT INTO TEAM VALUES ('T001','Brisbane Heat','Brisbane','The Gabba','Darren Lehmann');
INSERT INTO TEAM VALUES ('T002','Hobart Hurricanes','Hobart','Blundstone Arena','Adam Griffith');
INSERT INTO TEAM VALUES ('T003','Melbourne Renegades','Melbourne','Marvel Stadium','Michael Klinger');
INSERT INTO TEAM VALUES ('T004','Perth Scorchers','Perth','Optus Stadium','Adam Voges');
INSERT INTO TEAM VALUES ('T005','Sydney Sixers','Sydney','Sydney Cricket Ground','Greg Shipperd');
INSERT INTO TEAM VALUES ('T006','Melbourne Stars','Melbourne','Melbourne Cricket Ground','David Hussey');
INSERT INTO TEAM VALUES ('T007','Adelaide Strikers','Adelaide','Adelaide Oval','Jason Gillespie');
INSERT INTO TEAM VALUES ('T008','Sydney Thunder','Sydney','Spotless Stadium','Shane Bond');

-- ============================================================
-- MATCH (48 rows  — one per unique team+date from Partnership CSV)
-- ============================================================
INSERT INTO MATCH (Match_ID, Match_Date, Venue, Team1_ID, Team2_ID, Winner_Team_ID) VALUES ('M001', TO_DATE('12-Jan-20','DD-Mon-YY'), 'Melbourne Cricket Ground', 'T006', 'T003', 'T006');
INSERT INTO MATCH (Match_ID, Match_Date, Venue, Team1_ID, Team2_ID, Winner_Team_ID) VALUES ('M002', TO_DATE('26-Jan-20','DD-Mon-YY'), 'Blundstone Arena', 'T002', 'T004', 'T002');
INSERT INTO MATCH (Match_ID, Match_Date, Venue, Team1_ID, Team2_ID, Winner_Team_ID) VALUES ('M003', TO_DATE('20-Jan-20','DD-Mon-YY'), 'Optus Stadium', 'T004', 'T002', 'T004');
INSERT INTO MATCH (Match_ID, Match_Date, Venue, Team1_ID, Team2_ID, Winner_Team_ID) VALUES ('M004', TO_DATE('11-Jan-20','DD-Mon-YY'), 'Optus Stadium', 'T004', 'T002', 'T004');
INSERT INTO MATCH (Match_ID, Match_Date, Venue, Team1_ID, Team2_ID, Winner_Team_ID) VALUES ('M005', TO_DATE('23-Dec-19','DD-Mon-YY'), 'Optus Stadium', 'T004', 'T002', 'T004');
INSERT INTO MATCH (Match_ID, Match_Date, Venue, Team1_ID, Team2_ID, Winner_Team_ID) VALUES ('M006', TO_DATE('2-Jan-20','DD-Mon-YY'), 'Melbourne Cricket Ground', 'T006', 'T003', 'T006');
INSERT INTO MATCH (Match_ID, Match_Date, Venue, Team1_ID, Team2_ID, Winner_Team_ID) VALUES ('M007', TO_DATE('6-Feb-20','DD-Mon-YY'), 'Melbourne Cricket Ground', 'T006', 'T003', 'T006');
INSERT INTO MATCH (Match_ID, Match_Date, Venue, Team1_ID, Team2_ID, Winner_Team_ID) VALUES ('M008', TO_DATE('10-Jan-20','DD-Mon-YY'), 'Melbourne Cricket Ground', 'T006', 'T003', 'T006');
INSERT INTO MATCH (Match_ID, Match_Date, Venue, Team1_ID, Team2_ID, Winner_Team_ID) VALUES ('M009', TO_DATE('20-Jan-20','DD-Mon-YY'), 'Sydney Cricket Ground', 'T005', 'T001', 'T005');
INSERT INTO MATCH (Match_ID, Match_Date, Venue, Team1_ID, Team2_ID, Winner_Team_ID) VALUES ('M010', TO_DATE('13-Jan-20','DD-Mon-YY'), 'Optus Stadium', 'T004', 'T002', 'T004');
INSERT INTO MATCH (Match_ID, Match_Date, Venue, Team1_ID, Team2_ID, Winner_Team_ID) VALUES ('M011', TO_DATE('17-Jan-20','DD-Mon-YY'), 'Adelaide Oval', 'T007', 'T008', 'T007');
INSERT INTO MATCH (Match_ID, Match_Date, Venue, Team1_ID, Team2_ID, Winner_Team_ID) VALUES ('M012', TO_DATE('30-Jan-20','DD-Mon-YY'), 'Spotless Stadium', 'T008', 'T007', 'T008');
INSERT INTO MATCH (Match_ID, Match_Date, Venue, Team1_ID, Team2_ID, Winner_Team_ID) VALUES ('M013', TO_DATE('7-Jan-20','DD-Mon-YY'), 'Optus Stadium', 'T004', 'T002', 'T004');
INSERT INTO MATCH (Match_ID, Match_Date, Venue, Team1_ID, Team2_ID, Winner_Team_ID) VALUES ('M014', TO_DATE('19-Dec-19','DD-Mon-YY'), 'Spotless Stadium', 'T008', 'T007', 'T008');
INSERT INTO MATCH (Match_ID, Match_Date, Venue, Team1_ID, Team2_ID, Winner_Team_ID) VALUES ('M015', TO_DATE('19-Jan-20','DD-Mon-YY'), 'Adelaide Oval', 'T007', 'T008', 'T007');
INSERT INTO MATCH (Match_ID, Match_Date, Venue, Team1_ID, Team2_ID, Winner_Team_ID) VALUES ('M016', TO_DATE('24-Jan-20','DD-Mon-YY'), 'Blundstone Arena', 'T002', 'T004', 'T002');
INSERT INTO MATCH (Match_ID, Match_Date, Venue, Team1_ID, Team2_ID, Winner_Team_ID) VALUES ('M017', TO_DATE('11-Jan-20','DD-Mon-YY'), 'Spotless Stadium', 'T008', 'T007', 'T008');
INSERT INTO MATCH (Match_ID, Match_Date, Venue, Team1_ID, Team2_ID, Winner_Team_ID) VALUES ('M018', TO_DATE('3-Jan-20','DD-Mon-YY'), 'The Gabba', 'T001', 'T005', 'T001');
INSERT INTO MATCH (Match_ID, Match_Date, Venue, Team1_ID, Team2_ID, Winner_Team_ID) VALUES ('M019', TO_DATE('21-Dec-19','DD-Mon-YY'), 'Marvel Stadium', 'T003', 'T006', 'T003');
INSERT INTO MATCH (Match_ID, Match_Date, Venue, Team1_ID, Team2_ID, Winner_Team_ID) VALUES ('M020', TO_DATE('6-Jan-20','DD-Mon-YY'), 'The Gabba', 'T001', 'T005', 'T001');
INSERT INTO MATCH (Match_ID, Match_Date, Venue, Team1_ID, Team2_ID, Winner_Team_ID) VALUES ('M021', TO_DATE('27-Dec-19','DD-Mon-YY'), 'Adelaide Oval', 'T007', 'T008', 'T007');
INSERT INTO MATCH (Match_ID, Match_Date, Venue, Team1_ID, Team2_ID, Winner_Team_ID) VALUES ('M022', TO_DATE('27-Jan-20','DD-Mon-YY'), 'Marvel Stadium', 'T003', 'T006', 'T003');
INSERT INTO MATCH (Match_ID, Match_Date, Venue, Team1_ID, Team2_ID, Winner_Team_ID) VALUES ('M023', TO_DATE('23-Dec-19','DD-Mon-YY'), 'Adelaide Oval', 'T007', 'T008', 'T007');
INSERT INTO MATCH (Match_ID, Match_Date, Venue, Team1_ID, Team2_ID, Winner_Team_ID) VALUES ('M024', TO_DATE('10-Jan-20','DD-Mon-YY'), 'Marvel Stadium', 'T003', 'T006', 'T003');
INSERT INTO MATCH (Match_ID, Match_Date, Venue, Team1_ID, Team2_ID, Winner_Team_ID) VALUES ('M025', TO_DATE('21-Jan-20','DD-Mon-YY'), 'Marvel Stadium', 'T003', 'T006', 'T003');
INSERT INTO MATCH (Match_ID, Match_Date, Venue, Team1_ID, Team2_ID, Winner_Team_ID) VALUES ('M026', TO_DATE('22-Dec-19','DD-Mon-YY'), 'The Gabba', 'T001', 'T005', 'T001');
INSERT INTO MATCH (Match_ID, Match_Date, Venue, Team1_ID, Team2_ID, Winner_Team_ID) VALUES ('M027', TO_DATE('19-Jan-20','DD-Mon-YY'), 'The Gabba', 'T001', 'T005', 'T001');
INSERT INTO MATCH (Match_ID, Match_Date, Venue, Team1_ID, Team2_ID, Winner_Team_ID) VALUES ('M028', TO_DATE('21-Jan-20','DD-Mon-YY'), 'Blundstone Arena', 'T002', 'T004', 'T002');
INSERT INTO MATCH (Match_ID, Match_Date, Venue, Team1_ID, Team2_ID, Winner_Team_ID) VALUES ('M029', TO_DATE('8-Jan-20','DD-Mon-YY'), 'Spotless Stadium', 'T008', 'T007', 'T008');
INSERT INTO MATCH (Match_ID, Match_Date, Venue, Team1_ID, Team2_ID, Winner_Team_ID) VALUES ('M030', TO_DATE('22-Dec-19','DD-Mon-YY'), 'Melbourne Cricket Ground', 'T006', 'T003', 'T006');
INSERT INTO MATCH (Match_ID, Match_Date, Venue, Team1_ID, Team2_ID, Winner_Team_ID) VALUES ('M031', TO_DATE('12-Jan-20','DD-Mon-YY'), 'Adelaide Oval', 'T007', 'T008', 'T007');
INSERT INTO MATCH (Match_ID, Match_Date, Venue, Team1_ID, Team2_ID, Winner_Team_ID) VALUES ('M032', TO_DATE('26-Jan-20','DD-Mon-YY'), 'Adelaide Oval', 'T007', 'T008', 'T007');
INSERT INTO MATCH (Match_ID, Match_Date, Venue, Team1_ID, Team2_ID, Winner_Team_ID) VALUES ('M033', TO_DATE('14-Jan-20','DD-Mon-YY'), 'The Gabba', 'T001', 'T005', 'T001');
INSERT INTO MATCH (Match_ID, Match_Date, Venue, Team1_ID, Team2_ID, Winner_Team_ID) VALUES ('M034', TO_DATE('5-Jan-20','DD-Mon-YY'), 'Optus Stadium', 'T004', 'T002', 'T004');
INSERT INTO MATCH (Match_ID, Match_Date, Venue, Team1_ID, Team2_ID, Winner_Team_ID) VALUES ('M035', TO_DATE('23-Jan-20','DD-Mon-YY'), 'Sydney Cricket Ground', 'T005', 'T001', 'T005');
INSERT INTO MATCH (Match_ID, Match_Date, Venue, Team1_ID, Team2_ID, Winner_Team_ID) VALUES ('M036', TO_DATE('24-Dec-19','DD-Mon-YY'), 'Marvel Stadium', 'T003', 'T006', 'T003');
INSERT INTO MATCH (Match_ID, Match_Date, Venue, Team1_ID, Team2_ID, Winner_Team_ID) VALUES ('M037', TO_DATE('24-Dec-19','DD-Mon-YY'), 'Blundstone Arena', 'T002', 'T004', 'T002');
INSERT INTO MATCH (Match_ID, Match_Date, Venue, Team1_ID, Team2_ID, Winner_Team_ID) VALUES ('M038', TO_DATE('25-Jan-20','DD-Mon-YY'), 'Sydney Cricket Ground', 'T005', 'T001', 'T005');
INSERT INTO MATCH (Match_ID, Match_Date, Venue, Team1_ID, Team2_ID, Winner_Team_ID) VALUES ('M039', TO_DATE('18-Dec-19','DD-Mon-YY'), 'Sydney Cricket Ground', 'T005', 'T001', 'T005');
INSERT INTO MATCH (Match_ID, Match_Date, Venue, Team1_ID, Team2_ID, Winner_Team_ID) VALUES ('M040', TO_DATE('31-Dec-19','DD-Mon-YY'), 'Spotless Stadium', 'T008', 'T007', 'T008');
INSERT INTO MATCH (Match_ID, Match_Date, Venue, Team1_ID, Team2_ID, Winner_Team_ID) VALUES ('M041', TO_DATE('25-Jan-20','DD-Mon-YY'), 'Marvel Stadium', 'T003', 'T006', 'T003');
INSERT INTO MATCH (Match_ID, Match_Date, Venue, Team1_ID, Team2_ID, Winner_Team_ID) VALUES ('M042', TO_DATE('5-Jan-20','DD-Mon-YY'), 'Sydney Cricket Ground', 'T005', 'T001', 'T005');
INSERT INTO MATCH (Match_ID, Match_Date, Venue, Team1_ID, Team2_ID, Winner_Team_ID) VALUES ('M043', TO_DATE('22-Jan-20','DD-Mon-YY'), 'Adelaide Oval', 'T007', 'T008', 'T007');
INSERT INTO MATCH (Match_ID, Match_Date, Venue, Team1_ID, Team2_ID, Winner_Team_ID) VALUES ('M044', TO_DATE('7-Jan-20','DD-Mon-YY'), 'Marvel Stadium', 'T003', 'T006', 'T003');
INSERT INTO MATCH (Match_ID, Match_Date, Venue, Team1_ID, Team2_ID, Winner_Team_ID) VALUES ('M045', TO_DATE('24-Jan-20','DD-Mon-YY'), 'Adelaide Oval', 'T007', 'T008', 'T007');
INSERT INTO MATCH (Match_ID, Match_Date, Venue, Team1_ID, Team2_ID, Winner_Team_ID) VALUES ('M046', TO_DATE('2-Jan-20','DD-Mon-YY'), 'Sydney Cricket Ground', 'T005', 'T001', 'T005');
INSERT INTO MATCH (Match_ID, Match_Date, Venue, Team1_ID, Team2_ID, Winner_Team_ID) VALUES ('M047', TO_DATE('25-Jan-20','DD-Mon-YY'), 'The Gabba', 'T001', 'T005', 'T001');
INSERT INTO MATCH (Match_ID, Match_Date, Venue, Team1_ID, Team2_ID, Winner_Team_ID) VALUES ('M048', TO_DATE('5-Jan-20','DD-Mon-YY'), 'Blundstone Arena', 'T002', 'T004', 'T002');

-- ============================================================
-- BATTING (50 rows)  — Bat_ID, Player_ID, Match_ID, Runs, Balls, Strike_Rate
-- ============================================================
INSERT INTO BATTING VALUES ('BAT001','P067','M001',705,516,136.62);
INSERT INTO BATTING VALUES ('BAT002','P004','M012',576,392,146.93);
INSERT INTO BATTING VALUES ('BAT003','P053','M012',487,375,129.86);
INSERT INTO BATTING VALUES ('BAT004','P055','M011',478,353,135.41);
INSERT INTO BATTING VALUES ('BAT005','P092','M003',449,362,124.03);
INSERT INTO BATTING VALUES ('BAT006','P058','M003',425,298,142.61);
INSERT INTO BATTING VALUES ('BAT007','P014','M009',425,322,131.98);
INSERT INTO BATTING VALUES ('BAT008','P041','M011',407,304,133.88);
INSERT INTO BATTING VALUES ('BAT009','P052','M003',405,263,153.99);
INSERT INTO BATTING VALUES ('BAT010','P036','M001',398,268,148.5);
INSERT INTO BATTING VALUES ('BAT011','P008','M012',391,312,125.32);
INSERT INTO BATTING VALUES ('BAT012','P100','M009',388,312,124.35);
INSERT INTO BATTING VALUES ('BAT013','P018','M018',387,260,148.84);
INSERT INTO BATTING VALUES ('BAT014','P068','M002',382,263,145.24);
INSERT INTO BATTING VALUES ('BAT015','P023','M012',376,297,126.59);
INSERT INTO BATTING VALUES ('BAT016','P005','M011',372,286,130.06);
INSERT INTO BATTING VALUES ('BAT017','P006','M019',363,261,139.08);
INSERT INTO BATTING VALUES ('BAT018','P079','M012',361,220,164.09);
INSERT INTO BATTING VALUES ('BAT019','P030','M002',357,272,131.25);
INSERT INTO BATTING VALUES ('BAT020','P070','M002',351,205,171.21);
INSERT INTO BATTING VALUES ('BAT021','P071','M011',348,268,129.85);
INSERT INTO BATTING VALUES ('BAT022','P050','M002',323,262,123.28);
INSERT INTO BATTING VALUES ('BAT023','P075','M001',297,217,136.86);
INSERT INTO BATTING VALUES ('BAT024','P027','M003',290,257,112.84);
INSERT INTO BATTING VALUES ('BAT025','P089','M012',279,193,144.55);
INSERT INTO BATTING VALUES ('BAT026','P064','M009',267,180,148.33);
INSERT INTO BATTING VALUES ('BAT027','P031','M012',267,215,124.18);
INSERT INTO BATTING VALUES ('BAT028','P016','M012',265,216,122.68);
INSERT INTO BATTING VALUES ('BAT029','P038','M001',230,182,126.37);
INSERT INTO BATTING VALUES ('BAT030','P099','M011',228,162,140.74);
INSERT INTO BATTING VALUES ('BAT031','P097','M002',223,126,176.98);
INSERT INTO BATTING VALUES ('BAT032','P011','M018',217,177,122.59);
INSERT INTO BATTING VALUES ('BAT033','P028','M001',198,151,131.12);
INSERT INTO BATTING VALUES ('BAT034','P081','M009',188,146,128.76);
INSERT INTO BATTING VALUES ('BAT035','P044','M009',188,177,106.21);
INSERT INTO BATTING VALUES ('BAT036','P026','M012',181,164,110.36);
INSERT INTO BATTING VALUES ('BAT037','P072','M001',176,128,137.5);
INSERT INTO BATTING VALUES ('BAT038','P035','M002',173,116,149.13);
INSERT INTO BATTING VALUES ('BAT039','P073','M018',160,100,160);
INSERT INTO BATTING VALUES ('BAT040','P063','M001',149,119,125.21);
INSERT INTO BATTING VALUES ('BAT041','P002','M018',146,104,140.38);
INSERT INTO BATTING VALUES ('BAT042','P059','M012',145,101,143.56);
INSERT INTO BATTING VALUES ('BAT043','P076','M019',143,161,88.81);
INSERT INTO BATTING VALUES ('BAT044','P090','M018',133,104,127.88);
INSERT INTO BATTING VALUES ('BAT045','P098','M012',133,89,149.43);
INSERT INTO BATTING VALUES ('BAT046','P033','M002',128,101,126.73);
INSERT INTO BATTING VALUES ('BAT047','P085','M012',124,81,153.08);
INSERT INTO BATTING VALUES ('BAT048','P095','M003',120,79,151.89);
INSERT INTO BATTING VALUES ('BAT049','P069','M012',119,113,105.3);
INSERT INTO BATTING VALUES ('BAT050','P021','M019',112,76,147.36);

-- ============================================================
-- BOWLING (45 rows)  — Bowl_ID, Player_ID, Match_ID, Overs, Wickets, Economy
-- ============================================================
INSERT INTO BOWLING VALUES ('BWL001','P032','M012',58.5,30,7.83);
INSERT INTO BOWLING VALUES ('BWL002','P021','M019',53.1,22,8.01);
INSERT INTO BOWLING VALUES ('BWL003','P098','M012',47.1,22,9.05);
INSERT INTO BOWLING VALUES ('BWL004','P039','M019',37.5,20,7.05);
INSERT INTO BOWLING VALUES ('BWL005','P001','M011',45.0,20,7.2);
INSERT INTO BOWLING VALUES ('BWL006','P080','M011',48.1,19,7.18);
INSERT INTO BOWLING VALUES ('BWL007','P085','M012',55.2,19,7.15);
INSERT INTO BOWLING VALUES ('BWL008','P101','M011',41.0,17,8.9);
INSERT INTO BOWLING VALUES ('BWL009','P012','M019',52.1,16,8.03);
INSERT INTO BOWLING VALUES ('BWL010','P093','M019',38.0,15,8.28);
INSERT INTO BOWLING VALUES ('BWL011','P086','M001',45.0,15,7.44);
INSERT INTO BOWLING VALUES ('BWL012','P034','M012',54.0,15,6.9);
INSERT INTO BOWLING VALUES ('BWL013','P025','M009',43.0,15,8.69);
INSERT INTO BOWLING VALUES ('BWL014','P043','M009',53.0,15,7.07);
INSERT INTO BOWLING VALUES ('BWL015','P009','M001',44.0,15,8.77);
INSERT INTO BOWLING VALUES ('BWL016','P088','M009',26.0,14,7.3);
INSERT INTO BOWLING VALUES ('BWL017','P022','M019',53.0,14,7.45);
INSERT INTO BOWLING VALUES ('BWL018','P045','M011',42.0,13,7.78);
INSERT INTO BOWLING VALUES ('BWL019','P078','M002',50.5,12,7.94);
INSERT INTO BOWLING VALUES ('BWL020','P082','M018',50.0,12,8.14);
INSERT INTO BOWLING VALUES ('BWL021','P011','M018',31.2,11,8.8);
INSERT INTO BOWLING VALUES ('BWL022','P047','M019',38.0,11,7.92);
INSERT INTO BOWLING VALUES ('BWL023','P084','M002',20.3,10,6.68);
INSERT INTO BOWLING VALUES ('BWL024','P051','M018',21.0,10,7.66);
INSERT INTO BOWLING VALUES ('BWL025','P057','M003',28.0,10,7.14);
INSERT INTO BOWLING VALUES ('BWL026','P056','M003',31.1,10,6.99);
INSERT INTO BOWLING VALUES ('BWL027','P049','M002',33.0,10,7.27);
INSERT INTO BOWLING VALUES ('BWL028','P036','M001',37.0,10,7.02);
INSERT INTO BOWLING VALUES ('BWL029','P065','M018',33.4,10,8.1);
INSERT INTO BOWLING VALUES ('BWL030','P077','M003',38.0,10,7.52);
INSERT INTO BOWLING VALUES ('BWL031','P048','M009',22.5,9,7.97);
INSERT INTO BOWLING VALUES ('BWL032','P066','M011',31.0,9,7.32);
INSERT INTO BOWLING VALUES ('BWL033','P007','M003',35.0,9,8.17);
INSERT INTO BOWLING VALUES ('BWL034','P019','M019',38.0,9,9.05);
INSERT INTO BOWLING VALUES ('BWL035','P020','M011',20.0,8,8.1);
INSERT INTO BOWLING VALUES ('BWL036','P102','M001',29.0,8,6.58);
INSERT INTO BOWLING VALUES ('BWL037','P061','M012',28.2,8,9.38);
INSERT INTO BOWLING VALUES ('BWL038','P029','M019',42.0,8,7.66);
INSERT INTO BOWLING VALUES ('BWL039','P094','M009',26.0,7,6.92);
INSERT INTO BOWLING VALUES ('BWL040','P083','M012',24.2,7,10.02);
INSERT INTO BOWLING VALUES ('BWL041','P042','M018',5.4,6,8.29);
INSERT INTO BOWLING VALUES ('BWL042','P010','M018',15.0,6,7.2);
INSERT INTO BOWLING VALUES ('BWL043','P030','M002',17.0,6,9.94);
INSERT INTO BOWLING VALUES ('BWL044','P096','M009',29.0,6,7.37);
INSERT INTO BOWLING VALUES ('BWL045','P003','M003',27.0,6,8.88);

-- ============================================================
-- FIELDING (46 rows)  — Field_ID, Player_ID, Match_ID, Catches, Runouts
-- (Runouts set to 0 — not present in source data)
-- ============================================================
INSERT INTO FIELDING VALUES ('FLD001','P079','M012',10,0);
INSERT INTO FIELDING VALUES ('FLD002','P025','M009',9,0);
INSERT INTO FIELDING VALUES ('FLD003','P009','M001',9,0);
INSERT INTO FIELDING VALUES ('FLD004','P076','M019',9,0);
INSERT INTO FIELDING VALUES ('FLD005','P004','M012',9,0);
INSERT INTO FIELDING VALUES ('FLD006','P090','M018',8,0);
INSERT INTO FIELDING VALUES ('FLD007','P064','M009',8,0);
INSERT INTO FIELDING VALUES ('FLD008','P014','M009',8,0);
INSERT INTO FIELDING VALUES ('FLD009','P030','M002',7,0);
INSERT INTO FIELDING VALUES ('FLD010','P011','M018',7,0);
INSERT INTO FIELDING VALUES ('FLD011','P075','M001',7,0);
INSERT INTO FIELDING VALUES ('FLD012','P050','M002',7,0);
INSERT INTO FIELDING VALUES ('FLD013','P078','M002',7,0);
INSERT INTO FIELDING VALUES ('FLD014','P021','M019',7,0);
INSERT INTO FIELDING VALUES ('FLD015','P023','M012',7,0);
INSERT INTO FIELDING VALUES ('FLD016','P005','M011',7,0);
INSERT INTO FIELDING VALUES ('FLD017','P088','M009',6,0);
INSERT INTO FIELDING VALUES ('FLD018','P024','M012',6,0);
INSERT INTO FIELDING VALUES ('FLD019','P074','M012',6,0);
INSERT INTO FIELDING VALUES ('FLD020','P006','M019',6,0);
INSERT INTO FIELDING VALUES ('FLD021','P015','M002',6,0);
INSERT INTO FIELDING VALUES ('FLD022','P028','M001',6,0);
INSERT INTO FIELDING VALUES ('FLD023','P071','M011',6,0);
INSERT INTO FIELDING VALUES ('FLD024','P012','M019',6,0);
INSERT INTO FIELDING VALUES ('FLD025','P007','M003',6,0);
INSERT INTO FIELDING VALUES ('FLD026','P072','M001',6,0);
INSERT INTO FIELDING VALUES ('FLD027','P044','M009',6,0);
INSERT INTO FIELDING VALUES ('FLD028','P032','M012',6,0);
INSERT INTO FIELDING VALUES ('FLD029','P063','M001',5,0);
INSERT INTO FIELDING VALUES ('FLD030','P003','M003',5,0);
INSERT INTO FIELDING VALUES ('FLD031','P065','M018',5,0);
INSERT INTO FIELDING VALUES ('FLD032','P098','M012',5,0);
INSERT INTO FIELDING VALUES ('FLD033','P058','M003',5,0);
INSERT INTO FIELDING VALUES ('FLD034','P029','M019',5,0);
INSERT INTO FIELDING VALUES ('FLD035','P031','M012',5,0);
INSERT INTO FIELDING VALUES ('FLD036','P082','M018',5,0);
INSERT INTO FIELDING VALUES ('FLD037','P055','M011',5,0);
INSERT INTO FIELDING VALUES ('FLD038','P036','M001',5,0);
INSERT INTO FIELDING VALUES ('FLD039','P095','M003',4,0);
INSERT INTO FIELDING VALUES ('FLD040','P094','M009',4,0);
INSERT INTO FIELDING VALUES ('FLD041','P056','M003',4,0);
INSERT INTO FIELDING VALUES ('FLD042','P087','M009',4,0);
INSERT INTO FIELDING VALUES ('FLD043','P026','M012',4,0);
INSERT INTO FIELDING VALUES ('FLD044','P047','M019',4,0);
INSERT INTO FIELDING VALUES ('FLD045','P033','M002',4,0);
INSERT INTO FIELDING VALUES ('FLD046','P085','M012',4,0);

-- ============================================================
-- WICKETKEEPING (14 rows)  — WK_ID, Player_ID, Match_ID, Stumpings, Catches
-- ============================================================
INSERT INTO WICKETKEEPING VALUES ('WKP01','P046','M012',3,11);
INSERT INTO WICKETKEEPING VALUES ('WKP02','P052','M003',4,9);
INSERT INTO WICKETKEEPING VALUES ('WKP03','P091','M012',7,5);
INSERT INTO WICKETKEEPING VALUES ('WKP04','P053','M012',4,7);
INSERT INTO WICKETKEEPING VALUES ('WKP05','P081','M009',2,8);
INSERT INTO WICKETKEEPING VALUES ('WKP06','P008','M012',1,9);
INSERT INTO WICKETKEEPING VALUES ('WKP07','P054','M018',1,7);
INSERT INTO WICKETKEEPING VALUES ('WKP08','P016','M012',2,6);
INSERT INTO WICKETKEEPING VALUES ('WKP09','P089','M012',0,6);
INSERT INTO WICKETKEEPING VALUES ('WKP10','P060','M012',0,4);
INSERT INTO WICKETKEEPING VALUES ('WKP11','P037','M011',0,3);
INSERT INTO WICKETKEEPING VALUES ('WKP12','P002','M018',1,1);
INSERT INTO WICKETKEEPING VALUES ('WKP13','P097','M002',0,0);
INSERT INTO WICKETKEEPING VALUES ('WKP14','P013','M001',0,0);

-- ============================================================
-- PARTNERSHIP (49 rows)  — Partnership_ID, Match_ID, Player1_ID, Player2_ID, Runs
-- ============================================================
INSERT INTO PARTNERSHIP VALUES ('PRT001','M001','P067','P038',207);
INSERT INTO PARTNERSHIP VALUES ('PRT002','M002','P070','P030',203);
INSERT INTO PARTNERSHIP VALUES ('PRT003','M003','P052','P058',136);
INSERT INTO PARTNERSHIP VALUES ('PRT004','M004','P068','P027',124);
INSERT INTO PARTNERSHIP VALUES ('PRT005','M005','P052','P058',124);
INSERT INTO PARTNERSHIP VALUES ('PRT006','M006','P067','P075',123);
INSERT INTO PARTNERSHIP VALUES ('PRT007','M007','P067','P075',117);
INSERT INTO PARTNERSHIP VALUES ('PRT008','M008','P075','P036',115);
INSERT INTO PARTNERSHIP VALUES ('PRT009','M009','P050','P064',114);
INSERT INTO PARTNERSHIP VALUES ('PRT010','M010','P052','P068',109);
INSERT INTO PARTNERSHIP VALUES ('PRT011','M011','P079','P041',104);
INSERT INTO PARTNERSHIP VALUES ('PRT012','M012','P100','P004',103);
INSERT INTO PARTNERSHIP VALUES ('PRT013','M013','P052','P058',102);
INSERT INTO PARTNERSHIP VALUES ('PRT014','M014','P004','P100',99);
INSERT INTO PARTNERSHIP VALUES ('PRT015','M015','P099','P055',97);
INSERT INTO PARTNERSHIP VALUES ('PRT016','M016','P070','P063',97);
INSERT INTO PARTNERSHIP VALUES ('PRT017','M017','P100','P004',96);
INSERT INTO PARTNERSHIP VALUES ('PRT018','M018','P059','P018',95);
INSERT INTO PARTNERSHIP VALUES ('PRT019','M019','P092','P014',92);
INSERT INTO PARTNERSHIP VALUES ('PRT020','M020','P097','P018',90);
INSERT INTO PARTNERSHIP VALUES ('PRT021','M021','P008','P055',89);
INSERT INTO PARTNERSHIP VALUES ('PRT022','M022','P006','P073',87);
INSERT INTO PARTNERSHIP VALUES ('PRT023','M023','P041','P072',86);
INSERT INTO PARTNERSHIP VALUES ('PRT024','M024','P092','P069',86);
INSERT INTO PARTNERSHIP VALUES ('PRT025','M025','P014','P073',85);
INSERT INTO PARTNERSHIP VALUES ('PRT026','M026','P090','P018',84);
INSERT INTO PARTNERSHIP VALUES ('PRT027','M027','P090','P018',84);
INSERT INTO PARTNERSHIP VALUES ('PRT028','M028','P070','P063',84);
INSERT INTO PARTNERSHIP VALUES ('PRT029','M029','P023','P060',83);
INSERT INTO PARTNERSHIP VALUES ('PRT030','M030','P076','P067',81);
INSERT INTO PARTNERSHIP VALUES ('PRT031','M031','P055','P072',80);
INSERT INTO PARTNERSHIP VALUES ('PRT032','M032','P079','P099',79);
INSERT INTO PARTNERSHIP VALUES ('PRT033','M033','P071','P002',77);
INSERT INTO PARTNERSHIP VALUES ('PRT034','M034','P068','P017',75);
INSERT INTO PARTNERSHIP VALUES ('PRT035','M035','P053','P050',75);
INSERT INTO PARTNERSHIP VALUES ('PRT036','M036','P006','P092',74);
INSERT INTO PARTNERSHIP VALUES ('PRT037','M037','P030','P016',74);
INSERT INTO PARTNERSHIP VALUES ('PRT038','M038','P095','P031',73);
INSERT INTO PARTNERSHIP VALUES ('PRT039','M039','P053','P031',73);
INSERT INTO PARTNERSHIP VALUES ('PRT040','M040','P100','P023',73);
INSERT INTO PARTNERSHIP VALUES ('PRT041','M041','P006','P073',73);
INSERT INTO PARTNERSHIP VALUES ('PRT042','M042','P053','P040',72);
INSERT INTO PARTNERSHIP VALUES ('PRT043','M043','P055','P072',71);
INSERT INTO PARTNERSHIP VALUES ('PRT044','M023','P041','P008',71);
INSERT INTO PARTNERSHIP VALUES ('PRT045','M044','P089','P014',71);
INSERT INTO PARTNERSHIP VALUES ('PRT046','M045','P041','P079',71);
INSERT INTO PARTNERSHIP VALUES ('PRT047','M046','P053','P031',70);
INSERT INTO PARTNERSHIP VALUES ('PRT048','M047','P002','P062',70);
INSERT INTO PARTNERSHIP VALUES ('PRT049','M048','P030','P016',69);


COMMIT;

-- Top Batters
SELECT p.Player_Name, SUM(b.Runs) AS Total_Runs
FROM PLAYER p
JOIN BATTING b ON p.Player_ID = b.Player_ID
GROUP BY p.Player_Name
ORDER BY Total_Runs DESC;

-- Top Bowlers
SELECT p.Player_Name, SUM(bw.Wickets) AS Total_Wickets
FROM PLAYER p
JOIN BOWLING bw ON p.Player_ID = bw.Player_ID
GROUP BY p.Player_Name
ORDER BY Total_Wickets DESC;

-- All-Rounders
SELECT p.Player_Name,
       SUM(b.Runs) AS Runs,
       SUM(bw.Wickets) AS Wickets
FROM PLAYER p
JOIN BATTING b ON p.Player_ID = b.Player_ID
JOIN BOWLING bw ON p.Player_ID = bw.Player_ID
GROUP BY p.Player_Name
HAVING SUM(b.Runs) > 200 AND SUM(bw.Wickets) > 10;

-- Team Wins
SELECT t.Team_Name, COUNT(*) AS Wins
FROM MATCH m
JOIN TEAM t ON m.Winner_Team_ID = t.Team_ID
GROUP BY t.Team_Name
ORDER BY Wins DESC;

-- Top Partnerships
SELECT p1.Player_Name AS Player1,
       p2.Player_Name AS Player2,
       pt.Runs
FROM PARTNERSHIP pt
JOIN PLAYER p1 ON pt.Player1_ID = p1.Player_ID
JOIN PLAYER p2 ON pt.Player2_ID = p2.Player_ID
ORDER BY pt.Runs DESC;

-- PROCEDURES
-- Get Player Full Stats
CREATE OR REPLACE PROCEDURE get_player_stats(
    p_id IN VARCHAR2,
    cur OUT SYS_REFCURSOR
)
AS
BEGIN
    OPEN cur FOR
    SELECT p.Player_Name,
           NVL(SUM(b.Runs),0) AS Runs,
           NVL(SUM(bw.Wickets),0) AS Wickets,
           NVL(SUM(f.Catches),0) AS Catches,
           NVL(SUM(wk.Stumpings),0) AS Stumpings
    FROM PLAYER p
    LEFT JOIN BATTING b ON p.Player_ID = b.Player_ID
    LEFT JOIN BOWLING bw ON p.Player_ID = bw.Player_ID
    LEFT JOIN FIELDING f ON p.Player_ID = f.Player_ID
    LEFT JOIN WICKETKEEPING wk ON p.Player_ID = wk.Player_ID
    WHERE p.Player_ID = p_id
    GROUP BY p.Player_Name;
END;
/

-- Get Team Wins
CREATE OR REPLACE PROCEDURE get_team_wins(
    t_id IN VARCHAR2,
    wins OUT NUMBER
)
AS
BEGIN
    SELECT COUNT(*) INTO wins
    FROM MATCH
    WHERE Winner_Team_ID = t_id;
END;
/

-- Get Player Partnerships
CREATE OR REPLACE PROCEDURE get_player_partnerships(
    p_id IN VARCHAR2,
    cur OUT SYS_REFCURSOR
)
AS
BEGIN
    OPEN cur FOR
    SELECT pt.Partnership_ID, pt.Runs
    FROM PARTNERSHIP pt
    WHERE pt.Player1_ID = p_id OR pt.Player2_ID = p_id;
END;
/

-- FUNCTIONS
-- Total Runs
CREATE OR REPLACE FUNCTION total_runs(p_id VARCHAR2)
RETURN NUMBER
AS
    r NUMBER;
BEGIN
    SELECT NVL(SUM(Runs),0) INTO r
    FROM BATTING
    WHERE Player_ID = p_id;
    RETURN r;
END;
/

-- Total Wickets
CREATE OR REPLACE FUNCTION total_wickets(p_id VARCHAR2)
RETURN NUMBER
AS
    w NUMBER;
BEGIN
    SELECT NVL(SUM(Wickets),0) INTO w
    FROM BOWLING
    WHERE Player_ID = p_id;
    RETURN w;
END;
/

-- Highest Partnership
CREATE OR REPLACE FUNCTION max_partnership(p_id VARCHAR2)
RETURN NUMBER
AS
    m NUMBER;
BEGIN
    SELECT NVL(MAX(Runs),0) INTO m
    FROM PARTNERSHIP
    WHERE Player1_ID = p_id OR Player2_ID = p_id;
    RETURN m;
END;
/

-- TRIGGERS
-- Validate Batting
CREATE OR REPLACE TRIGGER trg_batting_check
BEFORE INSERT OR UPDATE ON BATTING
FOR EACH ROW
BEGIN
    IF :NEW.Runs < 0 OR :NEW.Balls < 0 OR :NEW.Strike_Rate < 0 THEN
        RAISE_APPLICATION_ERROR(-20001, 'Invalid batting values');
    END IF;
END;
/

-- Player Delete Audit
DROP TABLE PLAYER_AUDIT CASCADE CONSTRAINTS;

CREATE TABLE PLAYER_AUDIT (
    Audit_ID NUMBER GENERATED ALWAYS AS IDENTITY PRIMARY KEY,
    Player_ID VARCHAR2(10),
    Player_Name VARCHAR2(100),
    Deleted_At TIMESTAMP DEFAULT CURRENT_TIMESTAMP
);

CREATE OR REPLACE TRIGGER trg_player_delete
BEFORE DELETE ON PLAYER
FOR EACH ROW
BEGIN
    INSERT INTO PLAYER_AUDIT(Player_ID, Player_Name)
    VALUES (:OLD.Player_ID, :OLD.Player_Name);
END;
/

-- PACKAGE
CREATE OR REPLACE PACKAGE player_pkg AS
    FUNCTION get_runs(p_id VARCHAR2) RETURN NUMBER;
    FUNCTION get_wickets(p_id VARCHAR2) RETURN NUMBER;
    PROCEDURE summary(p_id VARCHAR2);
END player_pkg;
/
-- PACKAGE BODY
CREATE OR REPLACE PACKAGE BODY player_pkg AS

    FUNCTION get_runs(p_id VARCHAR2) RETURN NUMBER IS
        r NUMBER;
    BEGIN
        SELECT NVL(SUM(Runs),0) INTO r FROM BATTING WHERE Player_ID = p_id;
        RETURN r;
    END;

    FUNCTION get_wickets(p_id VARCHAR2) RETURN NUMBER IS
        w NUMBER;
    BEGIN
        SELECT NVL(SUM(Wickets),0) INTO w FROM BOWLING WHERE Player_ID = p_id;
        RETURN w;
    END;

    PROCEDURE summary(p_id VARCHAR2) IS
    BEGIN
        DBMS_OUTPUT.PUT_LINE('Runs: ' || get_runs(p_id));
        DBMS_OUTPUT.PUT_LINE('Wickets: ' || get_wickets(p_id));
    END;

END player_pkg;
/